category_name,category_group
agro_industry_and_commerce,Office & Business
air_conditioning,Electronics & Appliances
art,Gifts & Other
arts_and_craftsmanship,Gifts & Other
audio,Electronics & Appliances
auto,Tools & Auto
baby,Toys & Baby
bed_bath_table,Home & Furniture
books_general_interest,Books & Media
books_imported,Books & Media
books_technical,Books & Media
cds_dvds_musicals,Books & Media
christmas_supplies,Gifts & Other
cine_photo,Electronics & Appliances
computers,Electronics & Appliances
computers_accessories,Electronics & Appliances
consoles_games,Electronics & Appliances
construction_tools_construction,Tools & Auto
construction_tools_garden,Tools & Auto
construction_tools_lights,Tools & Auto
construction_tools_safety,Tools & Auto
construction_tools_tools,Tools & Auto
cool_stuff,Gifts & Other
diapers_and_hygiene,Toys & Baby
drinks,Food & Drinks
dvds_blu_ray,Books & Media
electronics,Electronics & Appliances
fashion_bags_accessories,Fashion & Accessories
fashion_childrens_clothes,Fashion & Accessories
fashion_female_clothing,Fashion & Accessories
fashion_male_clothing,Fashion & Accessories
fashion_shoes,Fashion & Accessories
fashion_sport,Fashion & Accessories
fashion_underwear_beach,Fashion & Accessories
fixed_telephony,Electronics & Appliances
flowers,Gifts & Other
food,Food & Drinks
food_drink,Food & Drinks
furniture_bedroom,Home & Furniture
furniture_decor,Home & Furniture
furniture_living_room,Home & Furniture
furniture_mattress_and_upholstery,Home & Furniture
garden_tools,Tools & Auto
health_beauty,Beauty & Health
home_appliances,Electronics & Appliances
home_appliances_2,Electronics & Appliances
home_comfort,Home & Furniture
home_comfort_2,Home & Furniture
home_construction,Tools & Auto
housewares,Home & Furniture
industry_commerce_and_business,Office & Business
kitchen_and_food_preparation_appliances,Electronics & Appliances
kitchen_dining_laundry_garden_furniture,Home & Furniture
la_cuisine,Home & Furniture
luggage_accessories,Fashion & Accessories
market_place,Gifts & Other
music,Books & Media
musical_instruments,Books & Media
office_furniture,Office & Business
party_supplies,Gifts & Other
pc_gamer,Electronics & Appliances
perfumery,Beauty & Health
pet_shop,Gifts & Other
security_and_services,Office & Business
signaling_and_security,Tools & Auto
small_appliances,Electronics & Appliances
small_appliances_home_oven_and_coffee,Electronics & Appliances
sports_leisure,Sports & Leisure
stationery,Office & Business
tablets_printing_image,Electronics & Appliances
telephony,Electronics & Appliances
toys,Toys & Baby
watches_gifts,Fashion & Accessories